"Time","C++","PHP","R","JavaScript","Python","Java"
"2004-01-01",27,38,2,36,6,90
"2004-02-01",30,37,2,39,6,99
"2004-03-01",30,39,2,38,6,100
"2004-04-01",28,39,2,38,6,97
"2004-05-01",29,38,2,35,6,92
"2004-06-01",26,39,2,36,6,88
"2004-07-01",24,39,2,35,6,90
"2004-08-01",23,38,2,34,6,89
"2004-09-01",26,37,2,33,6,90
"2004-10-01",27,38,2,32,6,89
"2004-11-01",25,33,2,31,5,91
"2004-12-01",22,35,2,31,6,84
"2005-01-01",22,36,2,28,6,83
"2005-02-01",23,37,2,31,6,88
"2005-03-01",23,36,2,30,6,84
"2005-04-01",23,34,2,29,5,82
"2005-05-01",22,35,3,31,6,83
"2005-06-01",20,36,3,31,6,79
"2005-07-01",19,35,3,30,6,77
"2005-08-01",18,33,3,28,6,72
"2005-09-01",20,34,3,27,6,74
"2005-10-01",21,32,3,27,6,75
"2005-11-01",20,34,3,27,6,75
"2005-12-01",18,32,3,26,5,73
"2006-01-01",17,31,3,25,6,67
"2006-02-01",17,34,3,27,5,70
"2006-03-01",20,32,3,28,6,73
"2006-04-01",17,29,3,25,5,66
"2006-05-01",17,30,3,26,5,69
"2006-06-01",16,31,3,26,5,61
"2006-07-01",14,29,3,25,6,58
"2006-08-01",14,29,3,26,6,61
"2006-09-01",16,28,3,24,6,61
"2006-10-01",16,29,4,24,6,62
"2006-11-01",16,28,4,23,5,62
"2006-12-01",14,26,3,21,5,59
"2007-01-01",13,27,3,23,5,59
"2007-02-01",14,29,4,23,5,63
"2007-03-01",15,28,3,23,6,63
"2007-04-01",13,26,3,22,5,59
"2007-05-01",14,27,3,22,5,57
"2007-06-01",14,26,3,23,5,57
"2007-07-01",12,26,3,23,6,54
"2007-08-01",12,25,3,22,5,53
"2007-09-01",13,24,3,21,5,54
"2007-10-01",14,25,3,21,5,59
"2007-11-01",13,25,3,22,5,56
"2007-12-01",12,21,3,20,5,51
"2008-01-01",11,23,3,19,5,51
"2008-02-01",12,22,3,20,5,51
"2008-03-01",12,23,3,20,5,51
"2008-04-01",12,21,3,20,5,51
"2008-05-01",12,22,3,20,5,48
"2008-06-01",11,21,3,20,5,50
"2008-07-01",11,21,3,21,5,47
"2008-08-01",10,20,3,19,5,45
"2008-09-01",11,19,3,19,5,48
"2008-10-01",12,20,3,20,5,49
"2008-11-01",12,18,3,18,5,47
"2008-12-01",10,19,3,17,5,46
"2009-01-01",10,19,3,17,5,45
"2009-02-01",11,21,3,19,5,47
"2009-03-01",11,20,3,19,5,48
"2009-04-01",11,19,3,18,5,45
"2009-05-01",11,19,3,17,5,44
"2009-06-01",10,20,3,18,5,43
"2009-07-01",9,19,3,18,5,40
"2009-08-01",9,20,3,18,5,41
"2009-09-01",10,19,3,17,5,41
"2009-10-01",11,19,3,16,5,42
"2009-11-01",12,18,3,17,5,43
"2009-12-01",10,17,3,16,5,41
"2010-01-01",10,17,3,16,5,39
"2010-02-01",10,18,3,16,5,40
"2010-03-01",11,19,3,17,5,43
"2010-04-01",10,19,3,15,5,42
"2010-05-01",10,18,3,15,5,40
"2010-06-01",9,18,3,15,5,39
"2010-07-01",8,16,3,14,5,36
"2010-08-01",8,16,3,14,5,36
"2010-09-01",9,15,3,14,5,37
"2010-10-01",10,16,3,13,5,38
"2010-11-01",10,16,3,13,5,37
"2010-12-01",8,14,3,13,5,35
"2011-01-01",8,16,3,13,5,35
"2011-02-01",9,15,3,14,5,38
"2011-03-01",9,16,3,14,5,38
"2011-04-01",9,15,3,13,5,36
"2011-05-01",9,15,3,13,5,36
"2011-06-01",8,16,4,14,5,36
"2011-07-01",7,15,3,13,5,35
"2011-08-01",7,14,3,13,5,36
"2011-09-01",9,14,4,14,5,36
"2011-10-01",9,14,4,13,5,39
"2011-11-01",9,15,4,13,5,37
"2011-12-01",8,13,4,13,5,36
"2012-01-01",8,13,4,13,5,35
"2012-02-01",8,14,4,13,5,35
"2012-03-01",8,15,4,14,6,36
"2012-04-01",8,14,4,13,5,37
"2012-05-01",8,14,4,13,5,35
"2012-06-01",7,14,4,14,5,34
"2012-07-01",7,14,4,13,5,36
"2012-08-01",7,13,4,13,5,34
"2012-09-01",8,13,4,13,5,39
"2012-10-01",8,13,5,13,6,38
"2012-11-01",8,12,4,12,6,37
"2012-12-01",7,11,4,11,5,32
"2013-01-01",7,12,4,13,5,40
"2013-02-01",7,13,4,13,6,39
"2013-03-01",7,13,4,13,6,39
"2013-04-01",7,13,4,13,6,37
"2013-05-01",7,12,4,13,6,35
"2013-06-01",7,12,4,12,6,34
"2013-07-01",6,12,4,13,6,37
"2013-08-01",6,11,4,12,6,35
"2013-09-01",7,11,4,12,6,36
"2013-10-01",8,11,4,12,6,39
"2013-11-01",8,11,4,14,7,37
"2013-12-01",7,11,4,12,6,34
"2014-01-01",7,11,4,12,6,35
"2014-02-01",7,12,4,13,7,38
"2014-03-01",7,12,4,13,7,36
"2014-04-01",7,12,5,14,7,38
"2014-05-01",6,11,4,14,7,36
"2014-06-01",6,11,4,13,6,35
"2014-07-01",6,11,4,13,6,35
"2014-08-01",6,10,4,12,6,34
"2014-09-01",7,11,4,13,7,34
"2014-10-01",8,11,4,13,7,33
"2014-11-01",7,10,4,12,7,36
"2014-12-01",6,10,4,12,6,31
"2015-01-01",6,10,4,12,7,31
"2015-02-01",7,11,4,14,7,33
"2015-03-01",7,11,4,14,7,32
"2015-04-01",7,11,5,14,7,34
"2015-05-01",6,10,4,13,7,31
"2015-06-01",6,10,4,13,8,29
"2015-07-01",5,10,4,14,8,29
"2015-08-01",5,9,4,13,7,29
"2015-09-01",7,10,4,13,8,29
"2015-10-01",7,10,4,14,8,29
"2015-11-01",7,9,4,12,8,29
"2015-12-01",6,9,4,13,8,26
"2016-01-01",6,9,4,13,8,23
"2016-02-01",7,10,5,14,9,26
"2016-03-01",6,10,4,14,10,25
"2016-04-01",7,10,4,14,9,24
"2016-05-01",6,10,4,15,9,24
"2016-06-01",6,10,4,14,10,24
"2016-07-01",5,9,4,14,9,22
"2016-08-01",5,9,4,13,9,22
"2016-09-01",7,9,4,14,10,25
"2016-10-01",7,9,4,13,11,22
"2016-11-01",7,11,5,15,12,25
"2016-12-01",6,11,5,14,11,23
"2017-01-01",6,12,5,15,12,23
"2017-02-01",7,13,6,15,14,25
"2017-03-01",8,13,6,16,14,26
"2017-04-01",7,12,6,15,13,23
"2017-05-01",7,12,6,15,13,23
"2017-06-01",6,11,5,15,13,22
"2017-07-01",5,11,5,15,13,21
"2017-08-01",5,10,5,15,13,21
"2017-09-01",6,10,5,15,14,22
"2017-10-01",7,11,6,15,14,22
"2017-11-01",7,11,6,15,15,22
"2017-12-01",7,9,5,13,14,19
"2018-01-01",6,10,5,14,14,20
"2018-02-01",7,10,6,15,15,20
"2018-03-01",7,10,5,14,16,20
"2018-04-01",6,9,5,14,15,20
"2018-05-01",6,9,5,15,15,20
"2018-06-01",5,8,5,14,15,19
"2018-07-01",5,9,4,14,15,18
"2018-08-01",5,8,4,14,15,19
"2018-09-01",6,8,5,13,16,19
"2018-10-01",7,8,5,14,16,18
"2018-11-01",6,8,5,14,17,18
"2018-12-01",5,7,5,12,15,15
"2019-01-01",5,7,5,13,16,17
"2019-02-01",6,8,5,14,17,18
"2019-03-01",6,8,5,13,17,17
"2019-04-01",5,7,5,14,17,17
"2019-05-01",5,7,5,13,17,17
"2019-06-01",5,8,5,14,18,17
"2019-07-01",5,8,5,14,18,17
"2019-08-01",5,7,4,14,17,17
"2019-09-01",6,7,5,14,19,18
"2019-10-01",6,7,5,13,19,18
"2019-11-01",7,7,5,14,20,17
"2019-12-01",5,6,4,13,17,15
"2020-01-01",5,7,4,13,18,15
"2020-02-01",6,7,5,13,20,17
"2020-03-01",5,7,4,13,19,15
"2020-04-01",6,6,5,13,21,16
"2020-05-01",5,6,5,12,20,14
"2020-06-01",5,7,4,13,19,15
"2020-07-01",5,6,4,13,19,15
"2020-08-01",5,6,4,13,18,13
"2020-09-01",6,6,5,13,20,15
"2020-10-01",5,5,4,11,16,13
"2020-11-01",5,5,4,10,16,13
"2020-12-01",5,5,4,9,15,12
"2021-01-01",4,5,4,9,14,11
"2021-02-01",5,5,4,10,16,13
"2021-03-01",6,5,4,10,17,13
"2021-04-01",5,5,4,11,17,13
"2021-05-01",5,5,4,10,16,12
"2021-06-01",5,5,4,11,16,12
"2021-07-01",4,5,4,10,15,12
"2021-08-01",4,5,3,10,15,11
"2021-09-01",5,4,4,11,17,13
"2021-10-01",6,5,4,11,19,13
"2021-11-01",6,5,4,11,20,13
"2021-12-01",5,5,4,11,18,13
"2022-01-01",7,6,4,15,23,16
"2022-02-01",8,7,5,17,27,18
"2022-03-01",9,7,5,18,29,20
"2022-04-01",8,7,5,18,28,18
"2022-05-01",8,7,5,17,28,17
"2022-06-01",7,7,4,17,25,16
"2022-07-01",6,6,4,17,24,16
"2022-08-01",6,6,4,17,24,16
"2022-09-01",8,6,5,17,27,18
"2022-10-01",8,6,5,16,27,16
"2022-11-01",8,6,5,17,28,17
"2022-12-01",7,6,4,16,25,15
"2023-01-01",7,6,4,16,26,15
"2023-02-01",7,7,5,17,28,17
"2023-03-01",7,7,5,17,27,16
"2023-04-01",6,6,4,14,24,14
"2023-05-01",6,6,4,14,23,15
"2023-06-01",5,6,4,15,22,14
"2023-07-01",5,6,4,15,22,14
"2023-08-01",5,5,4,14,23,14
"2023-09-01",6,5,4,14,24,14
"2023-10-01",6,6,4,14,25,15
"2023-11-01",6,5,4,13,24,13
"2023-12-01",5,5,4,12,21,13
"2024-01-01",6,5,4,14,23,14
"2024-02-01",6,6,4,15,27,16
"2024-03-01",6,6,4,15,24,15
"2024-04-01",6,6,4,14,23,14
"2024-05-01",6,5,4,14,23,15
"2024-06-01",5,5,4,13,22,13
"2024-07-01",5,5,3,13,22,14
"2024-08-01",5,5,3,12,21,13
"2024-09-01",5,5,4,12,21,13
"2024-10-01",6,5,4,11,23,13
"2024-11-01",6,4,3,11,22,12
"2024-12-01",5,4,3,11,21,11
"2025-01-01",5,4,3,11,20,12
"2025-02-01",5,4,3,12,21,13
"2025-03-01",5,4,3,11,21,12
"2025-04-01",4,4,3,10,19,12
"2025-05-01",4,3,3,9,18,11
"2025-06-01",4,3,3,9,19,11
"2025-07-01",4,3,3,9,19,12
"2025-08-01",4,4,3,11,23,11
"2025-09-01",5,4,3,10,22,11
"2025-10-01",5,4,3,10,24,11
"2025-11-01",4,4,4,10,23,11
"2025-12-01",4,3,3,9,19,10
"2026-01-01",4,4,3,10,21,11
"2026-02-01",5,4,4,12,25,12
"2026-03-01",5,4,3,12,25,11
"2026-04-01",5,5,3,14,26,13
"2026-05-01",6,6,3,16,31,15
"2026-06-01",5,6,3,17,31,15
"2026-07-01",4,5,3,14,24,11
"2026-08-01",4,3,3,9,16,10
"2026-09-01",4,3,3,10,20,10