fecha,lenguaje,web,youtube
2004-01-01,Python,6,
2004-01-01,JavaScript,36,
2004-01-01,R,2,
2004-01-01,C++,27,
2004-01-01,PHP,38,
2004-01-01,Java,90,
2004-02-01,Python,6,
2004-02-01,JavaScript,39,
2004-02-01,R,2,
2004-02-01,C++,30,
2004-02-01,PHP,37,
2004-02-01,Java,99,
2004-03-01,Python,6,
2004-03-01,JavaScript,38,
2004-03-01,R,2,
2004-03-01,C++,30,
2004-03-01,PHP,39,
2004-03-01,Java,100,
2004-04-01,Python,6,
2004-04-01,JavaScript,38,
2004-04-01,R,2,
2004-04-01,C++,28,
2004-04-01,PHP,39,
2004-04-01,Java,97,
2004-05-01,Python,6,
2004-05-01,JavaScript,35,
2004-05-01,R,2,
2004-05-01,C++,29,
2004-05-01,PHP,38,
2004-05-01,Java,92,
2004-06-01,Python,6,
2004-06-01,JavaScript,36,
2004-06-01,R,2,
2004-06-01,C++,26,
2004-06-01,PHP,39,
2004-06-01,Java,88,
2004-07-01,Python,6,
2004-07-01,JavaScript,35,
2004-07-01,R,2,
2004-07-01,C++,24,
2004-07-01,PHP,39,
2004-07-01,Java,90,
2004-08-01,Python,6,
2004-08-01,JavaScript,34,
2004-08-01,R,2,
2004-08-01,C++,23,
2004-08-01,PHP,38,
2004-08-01,Java,89,
2004-09-01,Python,6,
2004-09-01,JavaScript,33,
2004-09-01,R,2,
2004-09-01,C++,26,
2004-09-01,PHP,37,
2004-09-01,Java,90,
2004-10-01,Python,6,
2004-10-01,JavaScript,32,
2004-10-01,R,2,
2004-10-01,C++,27,
2004-10-01,PHP,38,
2004-10-01,Java,89,
2004-11-01,Python,5,
2004-11-01,JavaScript,31,
2004-11-01,R,2,
2004-11-01,C++,25,
2004-11-01,PHP,33,
2004-11-01,Java,91,
2004-12-01,Python,6,
2004-12-01,JavaScript,31,
2004-12-01,R,2,
2004-12-01,C++,22,
2004-12-01,PHP,35,
2004-12-01,Java,84,
2005-01-01,Python,6,
2005-01-01,JavaScript,28,
2005-01-01,R,2,
2005-01-01,C++,22,
2005-01-01,PHP,36,
2005-01-01,Java,83,
2005-02-01,Python,6,
2005-02-01,JavaScript,31,
2005-02-01,R,2,
2005-02-01,C++,23,
2005-02-01,PHP,37,
2005-02-01,Java,88,
2005-03-01,Python,6,
2005-03-01,JavaScript,30,
2005-03-01,R,2,
2005-03-01,C++,23,
2005-03-01,PHP,36,
2005-03-01,Java,84,
2005-04-01,Python,5,
2005-04-01,JavaScript,29,
2005-04-01,R,2,
2005-04-01,C++,23,
2005-04-01,PHP,34,
2005-04-01,Java,82,
2005-05-01,Python,6,
2005-05-01,JavaScript,31,
2005-05-01,R,3,
2005-05-01,C++,22,
2005-05-01,PHP,35,
2005-05-01,Java,83,
2005-06-01,Python,6,
2005-06-01,JavaScript,31,
2005-06-01,R,3,
2005-06-01,C++,20,
2005-06-01,PHP,36,
2005-06-01,Java,79,
2005-07-01,Python,6,
2005-07-01,JavaScript,30,
2005-07-01,R,3,
2005-07-01,C++,19,
2005-07-01,PHP,35,
2005-07-01,Java,77,
2005-08-01,Python,6,
2005-08-01,JavaScript,28,
2005-08-01,R,3,
2005-08-01,C++,18,
2005-08-01,PHP,33,
2005-08-01,Java,72,
2005-09-01,Python,6,
2005-09-01,JavaScript,27,
2005-09-01,R,3,
2005-09-01,C++,20,
2005-09-01,PHP,34,
2005-09-01,Java,74,
2005-10-01,Python,6,
2005-10-01,JavaScript,27,
2005-10-01,R,3,
2005-10-01,C++,21,
2005-10-01,PHP,32,
2005-10-01,Java,75,
2005-11-01,Python,6,
2005-11-01,JavaScript,27,
2005-11-01,R,3,
2005-11-01,C++,20,
2005-11-01,PHP,34,
2005-11-01,Java,75,
2005-12-01,Python,5,
2005-12-01,JavaScript,26,
2005-12-01,R,3,
2005-12-01,C++,18,
2005-12-01,PHP,32,
2005-12-01,Java,73,
2006-01-01,Python,6,
2006-01-01,JavaScript,25,
2006-01-01,R,3,
2006-01-01,C++,17,
2006-01-01,PHP,31,
2006-01-01,Java,67,
2006-02-01,Python,5,
2006-02-01,JavaScript,27,
2006-02-01,R,3,
2006-02-01,C++,17,
2006-02-01,PHP,34,
2006-02-01,Java,70,
2006-03-01,Python,6,
2006-03-01,JavaScript,28,
2006-03-01,R,3,
2006-03-01,C++,20,
2006-03-01,PHP,32,
2006-03-01,Java,73,
2006-04-01,Python,5,
2006-04-01,JavaScript,25,
2006-04-01,R,3,
2006-04-01,C++,17,
2006-04-01,PHP,29,
2006-04-01,Java,66,
2006-05-01,Python,5,
2006-05-01,JavaScript,26,
2006-05-01,R,3,
2006-05-01,C++,17,
2006-05-01,PHP,30,
2006-05-01,Java,69,
2006-06-01,Python,5,
2006-06-01,JavaScript,26,
2006-06-01,R,3,
2006-06-01,C++,16,
2006-06-01,PHP,31,
2006-06-01,Java,61,
2006-07-01,Python,6,
2006-07-01,JavaScript,25,
2006-07-01,R,3,
2006-07-01,C++,14,
2006-07-01,PHP,29,
2006-07-01,Java,58,
2006-08-01,Python,6,
2006-08-01,JavaScript,26,
2006-08-01,R,3,
2006-08-01,C++,14,
2006-08-01,PHP,29,
2006-08-01,Java,61,
2006-09-01,Python,6,
2006-09-01,JavaScript,24,
2006-09-01,R,3,
2006-09-01,C++,16,
2006-09-01,PHP,28,
2006-09-01,Java,61,
2006-10-01,Python,6,
2006-10-01,JavaScript,24,
2006-10-01,R,4,
2006-10-01,C++,16,
2006-10-01,PHP,29,
2006-10-01,Java,62,
2006-11-01,Python,5,
2006-11-01,JavaScript,23,
2006-11-01,R,4,
2006-11-01,C++,16,
2006-11-01,PHP,28,
2006-11-01,Java,62,
2006-12-01,Python,5,
2006-12-01,JavaScript,21,
2006-12-01,R,3,
2006-12-01,C++,14,
2006-12-01,PHP,26,
2006-12-01,Java,59,
2007-01-01,Python,5,
2007-01-01,JavaScript,23,
2007-01-01,R,3,
2007-01-01,C++,13,
2007-01-01,PHP,27,
2007-01-01,Java,59,
2007-02-01,Python,5,
2007-02-01,JavaScript,23,
2007-02-01,R,4,
2007-02-01,C++,14,
2007-02-01,PHP,29,
2007-02-01,Java,63,
2007-03-01,Python,6,
2007-03-01,JavaScript,23,
2007-03-01,R,3,
2007-03-01,C++,15,
2007-03-01,PHP,28,
2007-03-01,Java,63,
2007-04-01,Python,5,
2007-04-01,JavaScript,22,
2007-04-01,R,3,
2007-04-01,C++,13,
2007-04-01,PHP,26,
2007-04-01,Java,59,
2007-05-01,Python,5,
2007-05-01,JavaScript,22,
2007-05-01,R,3,
2007-05-01,C++,14,
2007-05-01,PHP,27,
2007-05-01,Java,57,
2007-06-01,Python,5,
2007-06-01,JavaScript,23,
2007-06-01,R,3,
2007-06-01,C++,14,
2007-06-01,PHP,26,
2007-06-01,Java,57,
2007-07-01,Python,6,
2007-07-01,JavaScript,23,
2007-07-01,R,3,
2007-07-01,C++,12,
2007-07-01,PHP,26,
2007-07-01,Java,54,
2007-08-01,Python,5,
2007-08-01,JavaScript,22,
2007-08-01,R,3,
2007-08-01,C++,12,
2007-08-01,PHP,25,
2007-08-01,Java,53,
2007-09-01,Python,5,
2007-09-01,JavaScript,21,
2007-09-01,R,3,
2007-09-01,C++,13,
2007-09-01,PHP,24,
2007-09-01,Java,54,
2007-10-01,Python,5,
2007-10-01,JavaScript,21,
2007-10-01,R,3,
2007-10-01,C++,14,
2007-10-01,PHP,25,
2007-10-01,Java,59,
2007-11-01,Python,5,
2007-11-01,JavaScript,22,
2007-11-01,R,3,
2007-11-01,C++,13,
2007-11-01,PHP,25,
2007-11-01,Java,56,
2007-12-01,Python,5,
2007-12-01,JavaScript,20,
2007-12-01,R,3,
2007-12-01,C++,12,
2007-12-01,PHP,21,
2007-12-01,Java,51,
2008-01-01,Python,5,19
2008-01-01,JavaScript,19,8
2008-01-01,R,3,21
2008-01-01,C++,11,4
2008-01-01,PHP,23,4
2008-01-01,Java,51,14
2008-02-01,Python,5,19
2008-02-01,JavaScript,20,8
2008-02-01,R,3,23
2008-02-01,C++,12,4
2008-02-01,PHP,22,4
2008-02-01,Java,51,13
2008-03-01,Python,5,18
2008-03-01,JavaScript,20,8
2008-03-01,R,3,19
2008-03-01,C++,12,5
2008-03-01,PHP,23,4
2008-03-01,Java,51,15
2008-04-01,Python,5,17
2008-04-01,JavaScript,20,8
2008-04-01,R,3,19
2008-04-01,C++,12,4
2008-04-01,PHP,21,4
2008-04-01,Java,51,13
2008-05-01,Python,5,16
2008-05-01,JavaScript,20,9
2008-05-01,R,3,17
2008-05-01,C++,12,5
2008-05-01,PHP,22,5
2008-05-01,Java,48,12
2008-06-01,Python,5,14
2008-06-01,JavaScript,20,9
2008-06-01,R,3,16
2008-06-01,C++,11,5
2008-06-01,PHP,21,4
2008-06-01,Java,50,13
2008-07-01,Python,5,13
2008-07-01,JavaScript,21,10
2008-07-01,R,3,13
2008-07-01,C++,11,5
2008-07-01,PHP,21,5
2008-07-01,Java,47,14
2008-08-01,Python,5,13
2008-08-01,JavaScript,19,9
2008-08-01,R,3,13
2008-08-01,C++,10,5
2008-08-01,PHP,20,5
2008-08-01,Java,45,13
2008-09-01,Python,5,12
2008-09-01,JavaScript,19,9
2008-09-01,R,3,12
2008-09-01,C++,11,6
2008-09-01,PHP,19,4
2008-09-01,Java,48,14
2008-10-01,Python,5,13
2008-10-01,JavaScript,20,9
2008-10-01,R,3,12
2008-10-01,C++,12,6
2008-10-01,PHP,20,4
2008-10-01,Java,49,13
2008-11-01,Python,5,14
2008-11-01,JavaScript,18,8
2008-11-01,R,3,12
2008-11-01,C++,12,5
2008-11-01,PHP,18,5
2008-11-01,Java,47,13
2008-12-01,Python,5,12
2008-12-01,JavaScript,17,8
2008-12-01,R,3,12
2008-12-01,C++,10,5
2008-12-01,PHP,19,4
2008-12-01,Java,46,13
2009-01-01,Python,5,13
2009-01-01,JavaScript,17,9
2009-01-01,R,3,11
2009-01-01,C++,10,6
2009-01-01,PHP,19,5
2009-01-01,Java,45,14
2009-02-01,Python,5,15
2009-02-01,JavaScript,19,10
2009-02-01,R,3,12
2009-02-01,C++,11,6
2009-02-01,PHP,21,6
2009-02-01,Java,47,15
2009-03-01,Python,5,14
2009-03-01,JavaScript,19,11
2009-03-01,R,3,11
2009-03-01,C++,11,6
2009-03-01,PHP,20,6
2009-03-01,Java,48,16
2009-04-01,Python,5,13
2009-04-01,JavaScript,18,9
2009-04-01,R,3,10
2009-04-01,C++,11,6
2009-04-01,PHP,19,5
2009-04-01,Java,45,15
2009-05-01,Python,5,11
2009-05-01,JavaScript,17,9
2009-05-01,R,3,10
2009-05-01,C++,11,6
2009-05-01,PHP,19,7
2009-05-01,Java,44,14
2009-06-01,Python,5,12
2009-06-01,JavaScript,18,9
2009-06-01,R,3,10
2009-06-01,C++,10,6
2009-06-01,PHP,20,6
2009-06-01,Java,43,15
2009-07-01,Python,5,13
2009-07-01,JavaScript,18,8
2009-07-01,R,3,10
2009-07-01,C++,9,6
2009-07-01,PHP,19,6
2009-07-01,Java,40,15
2009-08-01,Python,5,12
2009-08-01,JavaScript,18,9
2009-08-01,R,3,10
2009-08-01,C++,9,7
2009-08-01,PHP,20,6
2009-08-01,Java,41,16
2009-09-01,Python,5,11
2009-09-01,JavaScript,17,8
2009-09-01,R,3,9
2009-09-01,C++,10,7
2009-09-01,PHP,19,6
2009-09-01,Java,41,17
2009-10-01,Python,5,12
2009-10-01,JavaScript,16,9
2009-10-01,R,3,9
2009-10-01,C++,11,7
2009-10-01,PHP,19,6
2009-10-01,Java,42,18
2009-11-01,Python,5,10
2009-11-01,JavaScript,17,11
2009-11-01,R,3,10
2009-11-01,C++,12,8
2009-11-01,PHP,18,6
2009-11-01,Java,43,18
2009-12-01,Python,5,10
2009-12-01,JavaScript,16,11
2009-12-01,R,3,11
2009-12-01,C++,10,7
2009-12-01,PHP,17,6
2009-12-01,Java,41,17
2010-01-01,Python,5,10
2010-01-01,JavaScript,16,11
2010-01-01,R,3,11
2010-01-01,C++,10,8
2010-01-01,PHP,17,7
2010-01-01,Java,39,17
2010-02-01,Python,5,10
2010-02-01,JavaScript,16,12
2010-02-01,R,3,10
2010-02-01,C++,10,8
2010-02-01,PHP,18,7
2010-02-01,Java,40,18
2010-03-01,Python,5,10
2010-03-01,JavaScript,17,12
2010-03-01,R,3,9
2010-03-01,C++,11,9
2010-03-01,PHP,19,7
2010-03-01,Java,43,18
2010-04-01,Python,5,10
2010-04-01,JavaScript,15,11
2010-04-01,R,3,10
2010-04-01,C++,10,8
2010-04-01,PHP,19,7
2010-04-01,Java,42,19
2010-05-01,Python,5,11
2010-05-01,JavaScript,15,12
2010-05-01,R,3,9
2010-05-01,C++,10,8
2010-05-01,PHP,18,7
2010-05-01,Java,40,18
2010-06-01,Python,5,10
2010-06-01,JavaScript,15,14
2010-06-01,R,3,9
2010-06-01,C++,9,8
2010-06-01,PHP,18,7
2010-06-01,Java,39,21
2010-07-01,Python,5,11
2010-07-01,JavaScript,14,13
2010-07-01,R,3,9
2010-07-01,C++,8,8
2010-07-01,PHP,16,8
2010-07-01,Java,36,21
2010-08-01,Python,5,11
2010-08-01,JavaScript,14,12
2010-08-01,R,3,9
2010-08-01,C++,8,9
2010-08-01,PHP,16,7
2010-08-01,Java,36,20
2010-09-01,Python,5,11
2010-09-01,JavaScript,14,12
2010-09-01,R,3,9
2010-09-01,C++,9,10
2010-09-01,PHP,15,8
2010-09-01,Java,37,22
2010-10-01,Python,5,10
2010-10-01,JavaScript,13,13
2010-10-01,R,3,9
2010-10-01,C++,10,11
2010-10-01,PHP,16,8
2010-10-01,Java,38,23
2010-11-01,Python,5,11
2010-11-01,JavaScript,13,14
2010-11-01,R,3,9
2010-11-01,C++,10,10
2010-11-01,PHP,16,8
2010-11-01,Java,37,21
2010-12-01,Python,5,11
2010-12-01,JavaScript,13,13
2010-12-01,R,3,10
2010-12-01,C++,8,9
2010-12-01,PHP,14,9
2010-12-01,Java,35,19
2011-01-01,Python,5,11
2011-01-01,JavaScript,13,14
2011-01-01,R,3,9
2011-01-01,C++,8,9
2011-01-01,PHP,16,9
2011-01-01,Java,35,20
2011-02-01,Python,5,11
2011-02-01,JavaScript,14,13
2011-02-01,R,3,9
2011-02-01,C++,9,10
2011-02-01,PHP,15,10
2011-02-01,Java,38,22
2011-03-01,Python,5,11
2011-03-01,JavaScript,14,11
2011-03-01,R,3,11
2011-03-01,C++,9,11
2011-03-01,PHP,16,10
2011-03-01,Java,38,25
2011-04-01,Python,5,11
2011-04-01,JavaScript,13,11
2011-04-01,R,3,9
2011-04-01,C++,9,10
2011-04-01,PHP,15,10
2011-04-01,Java,36,25
2011-05-01,Python,5,11
2011-05-01,JavaScript,13,12
2011-05-01,R,3,9
2011-05-01,C++,9,11
2011-05-01,PHP,15,10
2011-05-01,Java,36,25
2011-06-01,Python,5,11
2011-06-01,JavaScript,14,10
2011-06-01,R,4,9
2011-06-01,C++,8,10
2011-06-01,PHP,16,10
2011-06-01,Java,36,24
2011-07-01,Python,5,12
2011-07-01,JavaScript,13,10
2011-07-01,R,3,9
2011-07-01,C++,7,10
2011-07-01,PHP,15,10
2011-07-01,Java,35,24
2011-08-01,Python,5,10
2011-08-01,JavaScript,13,13
2011-08-01,R,3,9
2011-08-01,C++,7,10
2011-08-01,PHP,14,9
2011-08-01,Java,36,23
2011-09-01,Python,5,9
2011-09-01,JavaScript,14,9
2011-09-01,R,4,8
2011-09-01,C++,9,11
2011-09-01,PHP,14,9
2011-09-01,Java,36,27
2011-10-01,Python,5,9
2011-10-01,JavaScript,13,9
2011-10-01,R,4,8
2011-10-01,C++,9,12
2011-10-01,PHP,14,9
2011-10-01,Java,39,28
2011-11-01,Python,5,11
2011-11-01,JavaScript,13,10
2011-11-01,R,4,10
2011-11-01,C++,9,12
2011-11-01,PHP,15,9
2011-11-01,Java,37,29
2011-12-01,Python,5,13
2011-12-01,JavaScript,13,12
2011-12-01,R,4,10
2011-12-01,C++,8,10
2011-12-01,PHP,13,9
2011-12-01,Java,36,26
2012-01-01,Python,5,11
2012-01-01,JavaScript,13,11
2012-01-01,R,4,10
2012-01-01,C++,8,11
2012-01-01,PHP,13,10
2012-01-01,Java,35,29
2012-02-01,Python,5,10
2012-02-01,JavaScript,13,12
2012-02-01,R,4,10
2012-02-01,C++,8,12
2012-02-01,PHP,14,11
2012-02-01,Java,35,31
2012-03-01,Python,6,10
2012-03-01,JavaScript,14,11
2012-03-01,R,4,9
2012-03-01,C++,8,13
2012-03-01,PHP,15,12
2012-03-01,Java,36,34
2012-04-01,Python,5,11
2012-04-01,JavaScript,13,10
2012-04-01,R,4,10
2012-04-01,C++,8,12
2012-04-01,PHP,14,11
2012-04-01,Java,37,34
2012-05-01,Python,5,11
2012-05-01,JavaScript,13,11
2012-05-01,R,4,10
2012-05-01,C++,8,12
2012-05-01,PHP,14,11
2012-05-01,Java,35,32
2012-06-01,Python,5,12
2012-06-01,JavaScript,14,11
2012-06-01,R,4,10
2012-06-01,C++,7,12
2012-06-01,PHP,14,11
2012-06-01,Java,34,34
2012-07-01,Python,5,11
2012-07-01,JavaScript,13,11
2012-07-01,R,4,10
2012-07-01,C++,7,11
2012-07-01,PHP,14,12
2012-07-01,Java,36,33
2012-08-01,Python,5,11
2012-08-01,JavaScript,13,10
2012-08-01,R,4,10
2012-08-01,C++,7,11
2012-08-01,PHP,13,12
2012-08-01,Java,34,35
2012-09-01,Python,5,12
2012-09-01,JavaScript,13,10
2012-09-01,R,4,10
2012-09-01,C++,8,14
2012-09-01,PHP,13,11
2012-09-01,Java,39,39
2012-10-01,Python,6,11
2012-10-01,JavaScript,13,10
2012-10-01,R,5,9
2012-10-01,C++,8,13
2012-10-01,PHP,13,11
2012-10-01,Java,38,38
2012-11-01,Python,6,11
2012-11-01,JavaScript,12,12
2012-11-01,R,4,11
2012-11-01,C++,8,14
2012-11-01,PHP,12,11
2012-11-01,Java,37,38
2012-12-01,Python,5,11
2012-12-01,JavaScript,11,10
2012-12-01,R,4,10
2012-12-01,C++,7,12
2012-12-01,PHP,11,11
2012-12-01,Java,32,35
2013-01-01,Python,5,12
2013-01-01,JavaScript,13,11
2013-01-01,R,4,11
2013-01-01,C++,7,12
2013-01-01,PHP,12,12
2013-01-01,Java,40,38
2013-02-01,Python,6,12
2013-02-01,JavaScript,13,12
2013-02-01,R,4,10
2013-02-01,C++,7,14
2013-02-01,PHP,13,13
2013-02-01,Java,39,41
2013-03-01,Python,6,12
2013-03-01,JavaScript,13,11
2013-03-01,R,4,10
2013-03-01,C++,7,15
2013-03-01,PHP,13,14
2013-03-01,Java,39,42
2013-04-01,Python,6,12
2013-04-01,JavaScript,13,11
2013-04-01,R,4,10
2013-04-01,C++,7,15
2013-04-01,PHP,13,13
2013-04-01,Java,37,39
2013-05-01,Python,6,12
2013-05-01,JavaScript,13,11
2013-05-01,R,4,10
2013-05-01,C++,7,15
2013-05-01,PHP,12,13
2013-05-01,Java,35,44
2013-06-01,Python,6,12
2013-06-01,JavaScript,12,11
2013-06-01,R,4,11
2013-06-01,C++,7,13
2013-06-01,PHP,12,13
2013-06-01,Java,34,45
2013-07-01,Python,6,12
2013-07-01,JavaScript,13,11
2013-07-01,R,4,10
2013-07-01,C++,6,13
2013-07-01,PHP,12,14
2013-07-01,Java,37,44
2013-08-01,Python,6,13
2013-08-01,JavaScript,12,12
2013-08-01,R,4,10
2013-08-01,C++,6,14
2013-08-01,PHP,11,14
2013-08-01,Java,35,45
2013-09-01,Python,6,13
2013-09-01,JavaScript,12,11
2013-09-01,R,4,10
2013-09-01,C++,7,17
2013-09-01,PHP,11,14
2013-09-01,Java,36,49
2013-10-01,Python,6,14
2013-10-01,JavaScript,12,13
2013-10-01,R,4,10
2013-10-01,C++,8,20
2013-10-01,PHP,11,13
2013-10-01,Java,39,51
2013-11-01,Python,7,14
2013-11-01,JavaScript,14,12
2013-11-01,R,4,10
2013-11-01,C++,8,19
2013-11-01,PHP,11,13
2013-11-01,Java,37,51
2013-12-01,Python,6,17
2013-12-01,JavaScript,12,12
2013-12-01,R,4,11
2013-12-01,C++,7,16
2013-12-01,PHP,11,13
2013-12-01,Java,34,46
2014-01-01,Python,6,13
2014-01-01,JavaScript,12,12
2014-01-01,R,4,11
2014-01-01,C++,7,16
2014-01-01,PHP,11,13
2014-01-01,Java,35,45
2014-02-01,Python,7,14
2014-02-01,JavaScript,13,13
2014-02-01,R,4,11
2014-02-01,C++,7,19
2014-02-01,PHP,12,16
2014-02-01,Java,38,54
2014-03-01,Python,7,16
2014-03-01,JavaScript,13,12
2014-03-01,R,4,12
2014-03-01,C++,7,19
2014-03-01,PHP,12,16
2014-03-01,Java,36,57
2014-04-01,Python,7,13
2014-04-01,JavaScript,14,13
2014-04-01,R,5,12
2014-04-01,C++,7,18
2014-04-01,PHP,12,15
2014-04-01,Java,38,56
2014-05-01,Python,7,13
2014-05-01,JavaScript,14,13
2014-05-01,R,4,18
2014-05-01,C++,6,16
2014-05-01,PHP,11,13
2014-05-01,Java,36,48
2014-06-01,Python,6,13
2014-06-01,JavaScript,13,13
2014-06-01,R,4,11
2014-06-01,C++,6,17
2014-06-01,PHP,11,16
2014-06-01,Java,35,55
2014-07-01,Python,6,16
2014-07-01,JavaScript,13,14
2014-07-01,R,4,12
2014-07-01,C++,6,16
2014-07-01,PHP,11,15
2014-07-01,Java,35,57
2014-08-01,Python,6,14
2014-08-01,JavaScript,12,14
2014-08-01,R,4,11
2014-08-01,C++,6,17
2014-08-01,PHP,10,15
2014-08-01,Java,34,56
2014-09-01,Python,7,16
2014-09-01,JavaScript,13,15
2014-09-01,R,4,12
2014-09-01,C++,7,24
2014-09-01,PHP,11,18
2014-09-01,Java,34,63
2014-10-01,Python,7,18
2014-10-01,JavaScript,13,15
2014-10-01,R,4,12
2014-10-01,C++,8,25
2014-10-01,PHP,11,17
2014-10-01,Java,33,65
2014-11-01,Python,7,17
2014-11-01,JavaScript,12,16
2014-11-01,R,4,12
2014-11-01,C++,7,26
2014-11-01,PHP,10,19
2014-11-01,Java,36,73
2014-12-01,Python,6,18
2014-12-01,JavaScript,12,17
2014-12-01,R,4,12
2014-12-01,C++,6,23
2014-12-01,PHP,10,19
2014-12-01,Java,31,62
2015-01-01,Python,7,18
2015-01-01,JavaScript,12,18
2015-01-01,R,4,12
2015-01-01,C++,6,22
2015-01-01,PHP,10,19
2015-01-01,Java,31,62
2015-02-01,Python,7,20
2015-02-01,JavaScript,14,19
2015-02-01,R,4,12
2015-02-01,C++,7,25
2015-02-01,PHP,11,20
2015-02-01,Java,33,67
2015-03-01,Python,7,21
2015-03-01,JavaScript,14,21
2015-03-01,R,4,12
2015-03-01,C++,7,27
2015-03-01,PHP,11,23
2015-03-01,Java,32,77
2015-04-01,Python,7,21
2015-04-01,JavaScript,14,21
2015-04-01,R,5,12
2015-04-01,C++,7,28
2015-04-01,PHP,11,25
2015-04-01,Java,34,80
2015-05-01,Python,7,22
2015-05-01,JavaScript,13,22
2015-05-01,R,4,12
2015-05-01,C++,6,26
2015-05-01,PHP,10,23
2015-05-01,Java,31,76
2015-06-01,Python,8,22
2015-06-01,JavaScript,13,22
2015-06-01,R,4,11
2015-06-01,C++,6,25
2015-06-01,PHP,10,23
2015-06-01,Java,29,73
2015-07-01,Python,8,22
2015-07-01,JavaScript,14,22
2015-07-01,R,4,13
2015-07-01,C++,5,23
2015-07-01,PHP,10,23
2015-07-01,Java,29,71
2015-08-01,Python,7,23
2015-08-01,JavaScript,13,22
2015-08-01,R,4,11
2015-08-01,C++,5,25
2015-08-01,PHP,9,23
2015-08-01,Java,29,72
2015-09-01,Python,8,24
2015-09-01,JavaScript,13,23
2015-09-01,R,4,13
2015-09-01,C++,7,30
2015-09-01,PHP,10,23
2015-09-01,Java,29,78
2015-10-01,Python,8,25
2015-10-01,JavaScript,14,24
2015-10-01,R,4,13
2015-10-01,C++,7,32
2015-10-01,PHP,10,23
2015-10-01,Java,29,79
2015-11-01,Python,8,25
2015-11-01,JavaScript,12,23
2015-11-01,R,4,13
2015-11-01,C++,7,31
2015-11-01,PHP,9,23
2015-11-01,Java,29,80
2015-12-01,Python,8,26
2015-12-01,JavaScript,13,23
2015-12-01,R,4,12
2015-12-01,C++,6,27
2015-12-01,PHP,9,23
2015-12-01,Java,26,73
2016-01-01,Python,8,28
2016-01-01,JavaScript,13,24
2016-01-01,R,4,12
2016-01-01,C++,6,29
2016-01-01,PHP,9,25
2016-01-01,Java,23,80
2016-02-01,Python,9,30
2016-02-01,JavaScript,14,27
2016-02-01,R,5,14
2016-02-01,C++,7,33
2016-02-01,PHP,10,28
2016-02-01,Java,26,85
2016-03-01,Python,10,29
2016-03-01,JavaScript,14,28
2016-03-01,R,4,14
2016-03-01,C++,6,33
2016-03-01,PHP,10,29
2016-03-01,Java,25,87
2016-04-01,Python,9,30
2016-04-01,JavaScript,14,28
2016-04-01,R,4,13
2016-04-01,C++,7,32
2016-04-01,PHP,10,30
2016-04-01,Java,24,83
2016-05-01,Python,9,28
2016-05-01,JavaScript,15,31
2016-05-01,R,4,13
2016-05-01,C++,6,30
2016-05-01,PHP,10,28
2016-05-01,Java,24,83
2016-06-01,Python,10,31
2016-06-01,JavaScript,14,31
2016-06-01,R,4,14
2016-06-01,C++,6,29
2016-06-01,PHP,10,28
2016-06-01,Java,24,87
2016-07-01,Python,9,30
2016-07-01,JavaScript,14,31
2016-07-01,R,4,13
2016-07-01,C++,5,27
2016-07-01,PHP,9,28
2016-07-01,Java,22,84
2016-08-01,Python,9,32
2016-08-01,JavaScript,13,32
2016-08-01,R,4,14
2016-08-01,C++,5,32
2016-08-01,PHP,9,29
2016-08-01,Java,22,90
2016-09-01,Python,10,36
2016-09-01,JavaScript,14,32
2016-09-01,R,4,15
2016-09-01,C++,7,37
2016-09-01,PHP,9,31
2016-09-01,Java,25,94
2016-10-01,Python,11,37
2016-10-01,JavaScript,13,33
2016-10-01,R,4,19
2016-10-01,C++,7,42
2016-10-01,PHP,9,29
2016-10-01,Java,22,95
2016-11-01,Python,12,36
2016-11-01,JavaScript,15,34
2016-11-01,R,5,18
2016-11-01,C++,7,43
2016-11-01,PHP,11,32
2016-11-01,Java,25,100
2016-12-01,Python,11,39
2016-12-01,JavaScript,14,34
2016-12-01,R,5,20
2016-12-01,C++,6,38
2016-12-01,PHP,11,30
2016-12-01,Java,23,91
2017-01-01,Python,12,0
2017-01-01,JavaScript,15,0
2017-01-01,R,5,0
2017-01-01,C++,6,0
2017-01-01,PHP,12,0
2017-01-01,Java,23,0
2017-02-01,Python,14,0
2017-02-01,JavaScript,15,0
2017-02-01,R,6,0
2017-02-01,C++,7,0
2017-02-01,PHP,13,0
2017-02-01,Java,25,0
2017-03-01,Python,14,0
2017-03-01,JavaScript,16,0
2017-03-01,R,6,0
2017-03-01,C++,8,0
2017-03-01,PHP,13,0
2017-03-01,Java,26,0
2017-04-01,Python,13,0
2017-04-01,JavaScript,15,0
2017-04-01,R,6,0
2017-04-01,C++,7,0
2017-04-01,PHP,12,0
2017-04-01,Java,23,0
2017-05-01,Python,13,0
2017-05-01,JavaScript,15,0
2017-05-01,R,6,0
2017-05-01,C++,7,0
2017-05-01,PHP,12,0
2017-05-01,Java,23,0
2017-06-01,Python,13,0
2017-06-01,JavaScript,15,0
2017-06-01,R,5,0
2017-06-01,C++,6,0
2017-06-01,PHP,11,0
2017-06-01,Java,22,0
2017-07-01,Python,13,0
2017-07-01,JavaScript,15,0
2017-07-01,R,5,0
2017-07-01,C++,5,0
2017-07-01,PHP,11,0
2017-07-01,Java,21,0
2017-08-01,Python,13,22
2017-08-01,JavaScript,15,15
2017-08-01,R,5,18
2017-08-01,C++,5,14
2017-08-01,PHP,10,14
2017-08-01,Java,21,43
2017-09-01,Python,14,24
2017-09-01,JavaScript,15,17
2017-09-01,R,5,18
2017-09-01,C++,6,17
2017-09-01,PHP,10,15
2017-09-01,Java,22,49
2017-10-01,Python,14,25
2017-10-01,JavaScript,15,17
2017-10-01,R,6,18
2017-10-01,C++,7,19
2017-10-01,PHP,11,16
2017-10-01,Java,22,50
2017-11-01,Python,15,25
2017-11-01,JavaScript,15,18
2017-11-01,R,6,14
2017-11-01,C++,7,22
2017-11-01,PHP,11,16
2017-11-01,Java,22,49
2017-12-01,Python,14,23
2017-12-01,JavaScript,13,16
2017-12-01,R,5,16
2017-12-01,C++,7,18
2017-12-01,PHP,9,15
2017-12-01,Java,19,44
2018-01-01,Python,14,25
2018-01-01,JavaScript,14,17
2018-01-01,R,5,16
2018-01-01,C++,6,17
2018-01-01,PHP,10,16
2018-01-01,Java,20,42
2018-02-01,Python,15,27
2018-02-01,JavaScript,15,19
2018-02-01,R,6,16
2018-02-01,C++,7,18
2018-02-01,PHP,10,16
2018-02-01,Java,20,48
2018-03-01,Python,16,27
2018-03-01,JavaScript,14,19
2018-03-01,R,5,15
2018-03-01,C++,7,17
2018-03-01,PHP,10,15
2018-03-01,Java,20,44
2018-04-01,Python,15,27
2018-04-01,JavaScript,14,19
2018-04-01,R,5,15
2018-04-01,C++,6,18
2018-04-01,PHP,9,16
2018-04-01,Java,20,42
2018-05-01,Python,15,28
2018-05-01,JavaScript,15,19
2018-05-01,R,5,16
2018-05-01,C++,6,17
2018-05-01,PHP,9,15
2018-05-01,Java,20,42
2018-06-01,Python,15,29
2018-06-01,JavaScript,14,17
2018-06-01,R,5,16
2018-06-01,C++,5,14
2018-06-01,PHP,8,14
2018-06-01,Java,19,37
2018-07-01,Python,15,28
2018-07-01,JavaScript,14,18
2018-07-01,R,4,14
2018-07-01,C++,5,13
2018-07-01,PHP,9,13
2018-07-01,Java,18,41
2018-08-01,Python,15,27
2018-08-01,JavaScript,14,18
2018-08-01,R,4,13
2018-08-01,C++,5,14
2018-08-01,PHP,8,14
2018-08-01,Java,19,41
2018-09-01,Python,16,29
2018-09-01,JavaScript,13,18
2018-09-01,R,5,15
2018-09-01,C++,6,18
2018-09-01,PHP,8,13
2018-09-01,Java,19,45
2018-10-01,Python,16,31
2018-10-01,JavaScript,14,19
2018-10-01,R,5,16
2018-10-01,C++,7,19
2018-10-01,PHP,8,13
2018-10-01,Java,18,42
2018-11-01,Python,17,30
2018-11-01,JavaScript,14,19
2018-11-01,R,5,17
2018-11-01,C++,6,19
2018-11-01,PHP,8,13
2018-11-01,Java,18,42
2018-12-01,Python,15,28
2018-12-01,JavaScript,12,17
2018-12-01,R,5,17
2018-12-01,C++,5,18
2018-12-01,PHP,7,12
2018-12-01,Java,15,39
2019-01-01,Python,16,31
2019-01-01,JavaScript,13,19
2019-01-01,R,5,17
2019-01-01,C++,5,16
2019-01-01,PHP,7,13
2019-01-01,Java,17,40
2019-02-01,Python,17,33
2019-02-01,JavaScript,14,20
2019-02-01,R,5,18
2019-02-01,C++,6,17
2019-02-01,PHP,8,13
2019-02-01,Java,18,38
2019-03-01,Python,17,34
2019-03-01,JavaScript,13,19
2019-03-01,R,5,17
2019-03-01,C++,6,17
2019-03-01,PHP,8,14
2019-03-01,Java,17,40
2019-04-01,Python,17,32
2019-04-01,JavaScript,14,19
2019-04-01,R,5,18
2019-04-01,C++,5,16
2019-04-01,PHP,7,13
2019-04-01,Java,17,36
2019-05-01,Python,17,33
2019-05-01,JavaScript,13,20
2019-05-01,R,5,16
2019-05-01,C++,5,16
2019-05-01,PHP,7,14
2019-05-01,Java,17,36
2019-06-01,Python,18,36
2019-06-01,JavaScript,14,20
2019-06-01,R,5,17
2019-06-01,C++,5,14
2019-06-01,PHP,8,13
2019-06-01,Java,17,36
2019-07-01,Python,18,37
2019-07-01,JavaScript,14,21
2019-07-01,R,5,16
2019-07-01,C++,5,15
2019-07-01,PHP,8,13
2019-07-01,Java,17,38
2019-08-01,Python,17,34
2019-08-01,JavaScript,14,19
2019-08-01,R,4,15
2019-08-01,C++,5,15
2019-08-01,PHP,7,11
2019-08-01,Java,17,38
2019-09-01,Python,19,40
2019-09-01,JavaScript,14,20
2019-09-01,R,5,14
2019-09-01,C++,6,19
2019-09-01,PHP,7,13
2019-09-01,Java,18,40
2019-10-01,Python,19,43
2019-10-01,JavaScript,13,20
2019-10-01,R,5,15
2019-10-01,C++,6,20
2019-10-01,PHP,7,13
2019-10-01,Java,18,41
2019-11-01,Python,20,41
2019-11-01,JavaScript,14,21
2019-11-01,R,5,15
2019-11-01,C++,7,19
2019-11-01,PHP,7,13
2019-11-01,Java,17,43
2019-12-01,Python,17,39
2019-12-01,JavaScript,13,21
2019-12-01,R,4,15
2019-12-01,C++,5,18
2019-12-01,PHP,6,13
2019-12-01,Java,15,38
2020-01-01,Python,18,41
2020-01-01,JavaScript,13,22
2020-01-01,R,4,14
2020-01-01,C++,5,16
2020-01-01,PHP,7,12
2020-01-01,Java,15,39
2020-02-01,Python,20,44
2020-02-01,JavaScript,13,23
2020-02-01,R,5,15
2020-02-01,C++,6,18
2020-02-01,PHP,7,13
2020-02-01,Java,17,43
2020-03-01,Python,19,46
2020-03-01,JavaScript,13,23
2020-03-01,R,4,15
2020-03-01,C++,5,18
2020-03-01,PHP,7,12
2020-03-01,Java,15,39
2020-04-01,Python,21,52
2020-04-01,JavaScript,13,25
2020-04-01,R,5,15
2020-04-01,C++,6,17
2020-04-01,PHP,6,13
2020-04-01,Java,16,35
2020-05-01,Python,20,49
2020-05-01,JavaScript,12,24
2020-05-01,R,5,15
2020-05-01,C++,5,16
2020-05-01,PHP,6,12
2020-05-01,Java,14,33
2020-06-01,Python,19,49
2020-06-01,JavaScript,13,24
2020-06-01,R,4,16
2020-06-01,C++,5,16
2020-06-01,PHP,7,12
2020-06-01,Java,15,35
2020-07-01,Python,19,44
2020-07-01,JavaScript,13,25
2020-07-01,R,4,15
2020-07-01,C++,5,13
2020-07-01,PHP,6,11
2020-07-01,Java,15,33
2020-08-01,Python,18,46
2020-08-01,JavaScript,13,25
2020-08-01,R,4,15
2020-08-01,C++,5,15
2020-08-01,PHP,6,10
2020-08-01,Java,13,33
2020-09-01,Python,20,51
2020-09-01,JavaScript,13,25
2020-09-01,R,5,16
2020-09-01,C++,6,17
2020-09-01,PHP,6,11
2020-09-01,Java,15,37
2020-10-01,Python,16,46
2020-10-01,JavaScript,11,24
2020-10-01,R,4,16
2020-10-01,C++,5,19
2020-10-01,PHP,5,11
2020-10-01,Java,13,36
2020-11-01,Python,16,47
2020-11-01,JavaScript,10,24
2020-11-01,R,4,14
2020-11-01,C++,5,19
2020-11-01,PHP,5,11
2020-11-01,Java,13,39
2020-12-01,Python,15,47
2020-12-01,JavaScript,9,24
2020-12-01,R,4,14
2020-12-01,C++,5,18
2020-12-01,PHP,5,11
2020-12-01,Java,12,35
2021-01-01,Python,14,45
2021-01-01,JavaScript,9,27
2021-01-01,R,4,15
2021-01-01,C++,4,18
2021-01-01,PHP,5,11
2021-01-01,Java,11,39
2021-02-01,Python,16,50
2021-02-01,JavaScript,10,29
2021-02-01,R,4,15
2021-02-01,C++,5,20
2021-02-01,PHP,5,12
2021-02-01,Java,13,42
2021-03-01,Python,17,54
2021-03-01,JavaScript,10,29
2021-03-01,R,4,14
2021-03-01,C++,6,26
2021-03-01,PHP,5,12
2021-03-01,Java,13,47
2021-04-01,Python,17,55
2021-04-01,JavaScript,11,30
2021-04-01,R,4,15
2021-04-01,C++,5,24
2021-04-01,PHP,5,13
2021-04-01,Java,13,44
2021-05-01,Python,16,53
2021-05-01,JavaScript,10,31
2021-05-01,R,4,15
2021-05-01,C++,5,23
2021-05-01,PHP,5,12
2021-05-01,Java,12,43
2021-06-01,Python,16,55
2021-06-01,JavaScript,11,33
2021-06-01,R,4,15
2021-06-01,C++,5,23
2021-06-01,PHP,5,12
2021-06-01,Java,12,48
2021-07-01,Python,15,49
2021-07-01,JavaScript,10,33
2021-07-01,R,4,14
2021-07-01,C++,4,18
2021-07-01,PHP,5,11
2021-07-01,Java,12,45
2021-08-01,Python,15,48
2021-08-01,JavaScript,10,32
2021-08-01,R,3,14
2021-08-01,C++,4,17
2021-08-01,PHP,5,11
2021-08-01,Java,11,46
2021-09-01,Python,17,52
2021-09-01,JavaScript,11,33
2021-09-01,R,4,14
2021-09-01,C++,5,21
2021-09-01,PHP,4,11
2021-09-01,Java,13,52
2021-10-01,Python,19,57
2021-10-01,JavaScript,11,31
2021-10-01,R,4,14
2021-10-01,C++,6,22
2021-10-01,PHP,5,12
2021-10-01,Java,13,54
2021-11-01,Python,20,53
2021-11-01,JavaScript,11,30
2021-11-01,R,4,14
2021-11-01,C++,6,22
2021-11-01,PHP,5,11
2021-11-01,Java,13,52
2021-12-01,Python,18,54
2021-12-01,JavaScript,11,31
2021-12-01,R,4,13
2021-12-01,C++,5,24
2021-12-01,PHP,5,12
2021-12-01,Java,13,49
2022-01-01,Python,23,57
2022-01-01,JavaScript,15,33
2022-01-01,R,4,13
2022-01-01,C++,7,22
2022-01-01,PHP,6,12
2022-01-01,Java,16,51
2022-02-01,Python,27,62
2022-02-01,JavaScript,17,36
2022-02-01,R,5,14
2022-02-01,C++,8,22
2022-02-01,PHP,7,12
2022-02-01,Java,18,54
2022-03-01,Python,29,63
2022-03-01,JavaScript,18,38
2022-03-01,R,5,15
2022-03-01,C++,9,24
2022-03-01,PHP,7,13
2022-03-01,Java,20,56
2022-04-01,Python,28,59
2022-04-01,JavaScript,18,38
2022-04-01,R,5,14
2022-04-01,C++,8,24
2022-04-01,PHP,7,16
2022-04-01,Java,18,54
2022-05-01,Python,28,60
2022-05-01,JavaScript,17,39
2022-05-01,R,5,15
2022-05-01,C++,8,24
2022-05-01,PHP,7,14
2022-05-01,Java,17,56
2022-06-01,Python,25,64
2022-06-01,JavaScript,17,41
2022-06-01,R,4,14
2022-06-01,C++,7,22
2022-06-01,PHP,7,15
2022-06-01,Java,16,59
2022-07-01,Python,24,62
2022-07-01,JavaScript,17,40
2022-07-01,R,4,13
2022-07-01,C++,6,20
2022-07-01,PHP,6,13
2022-07-01,Java,16,68
2022-08-01,Python,24,63
2022-08-01,JavaScript,17,41
2022-08-01,R,4,12
2022-08-01,C++,6,24
2022-08-01,PHP,6,12
2022-08-01,Java,16,69
2022-09-01,Python,27,67
2022-09-01,JavaScript,17,42
2022-09-01,R,5,13
2022-09-01,C++,8,28
2022-09-01,PHP,6,13
2022-09-01,Java,18,73
2022-10-01,Python,27,69
2022-10-01,JavaScript,16,39
2022-10-01,R,5,14
2022-10-01,C++,8,27
2022-10-01,PHP,6,13
2022-10-01,Java,16,67
2022-11-01,Python,28,73
2022-11-01,JavaScript,17,44
2022-11-01,R,5,16
2022-11-01,C++,8,29
2022-11-01,PHP,6,14
2022-11-01,Java,17,70
2022-12-01,Python,25,63
2022-12-01,JavaScript,16,41
2022-12-01,R,4,19
2022-12-01,C++,7,26
2022-12-01,PHP,6,13
2022-12-01,Java,15,65
2023-01-01,Python,26,69
2023-01-01,JavaScript,16,45
2023-01-01,R,4,19
2023-01-01,C++,7,22
2023-01-01,PHP,6,15
2023-01-01,Java,15,54
2023-02-01,Python,28,75
2023-02-01,JavaScript,17,48
2023-02-01,R,5,17
2023-02-01,C++,7,22
2023-02-01,PHP,7,24
2023-02-01,Java,17,59
2023-03-01,Python,27,73
2023-03-01,JavaScript,17,49
2023-03-01,R,5,17
2023-03-01,C++,7,22
2023-03-01,PHP,7,17
2023-03-01,Java,16,62
2023-04-01,Python,24,68
2023-04-01,JavaScript,14,47
2023-04-01,R,4,17
2023-04-01,C++,6,19
2023-04-01,PHP,6,15
2023-04-01,Java,14,59
2023-05-01,Python,23,66
2023-05-01,JavaScript,14,48
2023-05-01,R,4,18
2023-05-01,C++,6,19
2023-05-01,PHP,6,16
2023-05-01,Java,15,60
2023-06-01,Python,22,62
2023-06-01,JavaScript,15,46
2023-06-01,R,4,16
2023-06-01,C++,5,18
2023-06-01,PHP,6,15
2023-06-01,Java,14,58
2023-07-01,Python,22,63
2023-07-01,JavaScript,15,46
2023-07-01,R,4,18
2023-07-01,C++,5,17
2023-07-01,PHP,6,14
2023-07-01,Java,14,57
2023-08-01,Python,23,66
2023-08-01,JavaScript,14,46
2023-08-01,R,4,16
2023-08-01,C++,5,18
2023-08-01,PHP,5,13
2023-08-01,Java,14,62
2023-09-01,Python,24,69
2023-09-01,JavaScript,14,46
2023-09-01,R,4,16
2023-09-01,C++,6,21
2023-09-01,PHP,5,13
2023-09-01,Java,14,65
2023-10-01,Python,25,69
2023-10-01,JavaScript,14,45
2023-10-01,R,4,15
2023-10-01,C++,6,21
2023-10-01,PHP,6,14
2023-10-01,Java,15,63
2023-11-01,Python,24,70
2023-11-01,JavaScript,13,43
2023-11-01,R,4,16
2023-11-01,C++,6,21
2023-11-01,PHP,5,14
2023-11-01,Java,13,62
2023-12-01,Python,21,65
2023-12-01,JavaScript,12,43
2023-12-01,R,4,15
2023-12-01,C++,5,21
2023-12-01,PHP,5,13
2023-12-01,Java,13,62
2024-01-01,Python,23,67
2024-01-01,JavaScript,14,45
2024-01-01,R,4,15
2024-01-01,C++,6,22
2024-01-01,PHP,5,15
2024-01-01,Java,14,65
2024-02-01,Python,27,71
2024-02-01,JavaScript,15,49
2024-02-01,R,4,15
2024-02-01,C++,6,20
2024-02-01,PHP,6,20
2024-02-01,Java,16,79
2024-03-01,Python,24,70
2024-03-01,JavaScript,15,48
2024-03-01,R,4,16
2024-03-01,C++,6,18
2024-03-01,PHP,6,15
2024-03-01,Java,15,73
2024-04-01,Python,23,68
2024-04-01,JavaScript,14,51
2024-04-01,R,4,17
2024-04-01,C++,6,19
2024-04-01,PHP,6,14
2024-04-01,Java,14,71
2024-05-01,Python,23,66
2024-05-01,JavaScript,14,47
2024-05-01,R,4,17
2024-05-01,C++,6,20
2024-05-01,PHP,5,18
2024-05-01,Java,15,71
2024-06-01,Python,22,60
2024-06-01,JavaScript,13,42
2024-06-01,R,4,20
2024-06-01,C++,5,17
2024-06-01,PHP,5,14
2024-06-01,Java,13,79
2024-07-01,Python,22,64
2024-07-01,JavaScript,13,44
2024-07-01,R,3,20
2024-07-01,C++,5,16
2024-07-01,PHP,5,12
2024-07-01,Java,14,82
2024-08-01,Python,21,62
2024-08-01,JavaScript,12,42
2024-08-01,R,3,20
2024-08-01,C++,5,17
2024-08-01,PHP,5,11
2024-08-01,Java,13,78
2024-09-01,Python,21,74
2024-09-01,JavaScript,12,44
2024-09-01,R,4,20
2024-09-01,C++,5,20
2024-09-01,PHP,5,11
2024-09-01,Java,13,75
2024-10-01,Python,23,71
2024-10-01,JavaScript,11,41
2024-10-01,R,4,19
2024-10-01,C++,6,19
2024-10-01,PHP,5,11
2024-10-01,Java,13,72
2024-11-01,Python,22,66
2024-11-01,JavaScript,11,37
2024-11-01,R,3,19
2024-11-01,C++,6,19
2024-11-01,PHP,4,11
2024-11-01,Java,12,68
2024-12-01,Python,21,66
2024-12-01,JavaScript,11,36
2024-12-01,R,3,20
2024-12-01,C++,5,17
2024-12-01,PHP,4,10
2024-12-01,Java,11,67
2025-01-01,Python,20,70
2025-01-01,JavaScript,11,42
2025-01-01,R,3,22
2025-01-01,C++,5,17
2025-01-01,PHP,4,10
2025-01-01,Java,12,69
2025-02-01,Python,21,68
2025-02-01,JavaScript,12,40
2025-02-01,R,3,22
2025-02-01,C++,5,17
2025-02-01,PHP,4,9
2025-02-01,Java,13,79
2025-03-01,Python,21,66
2025-03-01,JavaScript,11,37
2025-03-01,R,3,22
2025-03-01,C++,5,16
2025-03-01,PHP,4,9
2025-03-01,Java,12,84
2025-04-01,Python,19,59
2025-04-01,JavaScript,10,34
2025-04-01,R,3,21
2025-04-01,C++,4,15
2025-04-01,PHP,4,9
2025-04-01,Java,12,84
2025-05-01,Python,18,62
2025-05-01,JavaScript,9,34
2025-05-01,R,3,22
2025-05-01,C++,4,16
2025-05-01,PHP,3,13
2025-05-01,Java,11,82
2025-06-01,Python,19,65
2025-06-01,JavaScript,9,32
2025-06-01,R,3,21
2025-06-01,C++,4,14
2025-06-01,PHP,3,7
2025-06-01,Java,11,74
2025-07-01,Python,19,59
2025-07-01,JavaScript,9,31
2025-07-01,R,3,20
2025-07-01,C++,4,13
2025-07-01,PHP,3,8
2025-07-01,Java,12,70
2025-08-01,Python,23,59
2025-08-01,JavaScript,11,30
2025-08-01,R,3,21
2025-08-01,C++,4,13
2025-08-01,PHP,4,7
2025-08-01,Java,11,76
2025-09-01,Python,22,58
2025-09-01,JavaScript,10,26
2025-09-01,R,3,20
2025-09-01,C++,5,13
2025-09-01,PHP,4,6
2025-09-01,Java,11,59
2025-10-01,Python,24,55
2025-10-01,JavaScript,10,25
2025-10-01,R,3,20
2025-10-01,C++,5,13
2025-10-01,PHP,4,6
2025-10-01,Java,11,65
2025-11-01,Python,23,55
2025-11-01,JavaScript,10,25
2025-11-01,R,4,21
2025-11-01,C++,4,15
2025-11-01,PHP,4,7
2025-11-01,Java,11,72
2025-12-01,Python,19,57
2025-12-01,JavaScript,9,26
2025-12-01,R,3,22
2025-12-01,C++,4,14
2025-12-01,PHP,3,7
2025-12-01,Java,10,71
2026-01-01,Python,21,53
2026-01-01,JavaScript,10,23
2026-01-01,R,3,22
2026-01-01,C++,4,12
2026-01-01,PHP,4,5
2026-01-01,Java,11,69
2026-02-01,Python,25,56
2026-02-01,JavaScript,12,23
2026-02-01,R,4,22
2026-02-01,C++,5,12
2026-02-01,PHP,4,5
2026-02-01,Java,12,68
2026-03-01,Python,25,51
2026-03-01,JavaScript,12,20
2026-03-01,R,3,21
2026-03-01,C++,5,12
2026-03-01,PHP,4,5
2026-03-01,Java,11,64
2026-04-01,Python,26,54
2026-04-01,JavaScript,14,22
2026-04-01,R,3,22
2026-04-01,C++,5,13
2026-04-01,PHP,5,5
2026-04-01,Java,13,62
2026-05-01,Python,31,52
2026-05-01,JavaScript,16,20
2026-05-01,R,3,20
2026-05-01,C++,6,11
2026-05-01,PHP,6,5
2026-05-01,Java,15,61
2026-06-01,Python,31,63
2026-06-01,JavaScript,17,25
2026-06-01,R,3,19
2026-06-01,C++,5,12
2026-06-01,PHP,6,5
2026-06-01,Java,15,72
2026-07-01,Python,24,59
2026-07-01,JavaScript,14,28
2026-07-01,R,3,20
2026-07-01,C++,4,12
2026-07-01,PHP,5,5
2026-07-01,Java,11,62
2026-08-01,Python,16,63
2026-08-01,JavaScript,9,23
2026-08-01,R,3,20
2026-08-01,C++,4,11
2026-08-01,PHP,3,5
2026-08-01,Java,10,71
2026-09-01,Python,20,63
2026-09-01,JavaScript,10,22
2026-09-01,R,3,19
2026-09-01,C++,4,11
2026-09-01,PHP,3,4
2026-09-01,Java,10,65
